sequence,scheduled_time_s,phase,goal_rad,goal_tick,tx_start_ns,tx_end_ns
0,0.000000000,center,0.000000000,2048,111152651296437,111152652689970
1,0.010000000,center,0.000000000,2048,111152661355078,111152662679969
2,0.020000000,center,0.000000000,2048,111152671356207,111152672678575
3,0.030000000,center,0.000000000,2048,111152681355200,111152682676970
4,0.040000000,center,0.000000000,2048,111152691357981,111152692683236
5,0.050000000,center,0.000000000,2048,111152701356583,111152702726145
6,0.060000000,center,0.000000000,2048,111152711356814,111152712683674
7,0.070000000,center,0.000000000,2048,111152721355877,111152722685624
8,0.080000000,center,0.000000000,2048,111152731356270,111152732683850
9,0.090000000,center,0.000000000,2048,111152741354947,111152742682364
10,0.100000000,center,0.000000000,2048,111152751354880,111152752683614
11,0.110000000,center,0.000000000,2048,111152761358728,111152762684731
12,0.120000000,center,0.000000000,2048,111152771355936,111152772686566
13,0.130000000,center,0.000000000,2048,111152781356033,111152782684249
14,0.140000000,center,0.000000000,2048,111152791355277,111152792685082
15,0.150000000,center,0.000000000,2048,111152801355827,111152802690124
16,0.160000000,center,0.000000000,2048,111152811355246,111152812679247
17,0.170000000,center,0.000000000,2048,111152821355738,111152822683262
18,0.180000000,center,0.000000000,2048,111152831357027,111152832825687
19,0.190000000,center,0.000000000,2048,111152841434170,111152843690178
20,0.200000000,center,0.000000000,2048,111152851379538,111152853678142
21,0.210000000,center,0.000000000,2048,111152861438075,111152863671788
22,0.220000000,center,0.000000000,2048,111152871379678,111152873675824
23,0.230000000,center,0.000000000,2048,111152881375845,111152883680238
24,0.240000000,center,0.000000000,2048,111152891379427,111152893669170
25,0.250000000,center,0.000000000,2048,111152901377848,111152903663255
26,0.260000000,center,0.000000000,2048,111152911437355,111152913668706
27,0.270000000,center,0.000000000,2048,111152921434272,111152923663900
28,0.280000000,center,0.000000000,2048,111152931446470,111152933671593
29,0.290000000,center,0.000000000,2048,111152941380693,111152943671300
30,0.300000000,center,0.000000000,2048,111152951438748,111152953675527
31,0.310000000,center,0.000000000,2048,111152961433343,111152963671406
32,0.320000000,center,0.000000000,2048,111152971374678,111152973663502
33,0.330000000,center,0.000000000,2048,111152981372327,111152983672576
34,0.340000000,center,0.000000000,2048,111152991364450,111152992690211
35,0.350000000,center,0.000000000,2048,111153001356019,111153002702699
36,0.360000000,center,0.000000000,2048,111153011361468,111153012647742
37,0.370000000,center,0.000000000,2048,111153021357819,111153022653263
38,0.380000000,center,0.000000000,2048,111153031358357,111153032660756
39,0.390000000,center,0.000000000,2048,111153041360595,111153042687308
40,0.400000000,center,0.000000000,2048,111153051355410,111153052651832
41,0.410000000,center,0.000000000,2048,111153061355146,111153062661064
42,0.420000000,center,0.000000000,2048,111153071368551,111153073679747
43,0.430000000,center,0.000000000,2048,111153081356235,111153082660483
44,0.440000000,center,0.000000000,2048,111153091364625,111153092627732
45,0.450000000,center,0.000000000,2048,111153101363904,111153103626258
46,0.460000000,center,0.000000000,2048,111153111354275,111153112637524
47,0.470000000,center,0.000000000,2048,111153121365735,111153123624056
48,0.480000000,center,0.000000000,2048,111153131357584,111153132633490
49,0.490000000,center,0.000000000,2048,111153141358341,111153142634796
50,0.500000000,center,0.000000000,2048,111153151353920,111153152646266
51,0.510000000,center,0.000000000,2048,111153161356272,111153162651166
52,0.520000000,center,0.000000000,2048,111153171356318,111153172657646
53,0.530000000,center,0.000000000,2048,111153181356265,111153182672672
54,0.540000000,center,0.000000000,2048,111153191354097,111153192653934
55,0.550000000,center,0.000000000,2048,111153201353706,111153202655581
56,0.560000000,center,0.000000000,2048,111153211353609,111153212654878
57,0.570000000,center,0.000000000,2048,111153221356517,111153222679573
58,0.580000000,center,0.000000000,2048,111153231356117,111153232659885
59,0.590000000,center,0.000000000,2048,111153241362089,111153242640588
60,0.600000000,center,0.000000000,2048,111153251354937,111153252656408
61,0.610000000,center,0.000000000,2048,111153261356612,111153262636415
62,0.620000000,center,0.000000000,2048,111153271354034,111153272635249
63,0.630000000,center,0.000000000,2048,111153281353765,111153282635935
64,0.640000000,center,0.000000000,2048,111153291356102,111153292631830
65,0.650000000,center,0.000000000,2048,111153301368296,111153303643815
66,0.660000000,center,0.000000000,2048,111153311355995,111153312635987
67,0.670000000,center,0.000000000,2048,111153321362753,111153322621600
68,0.680000000,center,0.000000000,2048,111153331358198,111153332669025
69,0.690000000,center,0.000000000,2048,111153341365734,111153343617985
70,0.700000000,center,0.000000000,2048,111153351361968,111153352629488
71,0.710000000,center,0.000000000,2048,111153361357401,111153362634163
72,0.720000000,center,0.000000000,2048,111153371368882,111153372619512
73,0.730000000,center,0.000000000,2048,111153381359114,111153382629390
74,0.740000000,center,0.000000000,2048,111153391355169,111153392632890
75,0.750000000,center,0.000000000,2048,111153401370497,111153403649691
76,0.760000000,center,0.000000000,2048,111153411356011,111153412622938
77,0.770000000,center,0.000000000,2048,111153421366372,111153422629390
78,0.780000000,center,0.000000000,2048,111153431365721,111153433656362
79,0.790000000,center,0.000000000,2048,111153441371447,111153443676303
80,0.800000000,center,0.000000000,2048,111153451360101,111153452633011
81,0.810000000,center,0.000000000,2048,111153461356979,111153462596167
82,0.820000000,center,0.000000000,2048,111153471362436,111153473601208
83,0.830000000,center,0.000000000,2048,111153481355859,111153482606222
84,0.840000000,center,0.000000000,2048,111153491353437,111153492615699
85,0.850000000,center,0.000000000,2048,111153501361793,111153502627358
86,0.860000000,center,0.000000000,2048,111153511359607,111153512717924
87,0.870000000,center,0.000000000,2048,111153521365374,111153522656837
88,0.880000000,center,0.000000000,2048,111153531363783,111153533649418
89,0.890000000,center,0.000000000,2048,111153541359718,111153542641461
90,0.900000000,center,0.000000000,2048,111153551369918,111153552604089
91,0.910000000,center,0.000000000,2048,111153561362110,111153563598796
92,0.920000000,center,0.000000000,2048,111153571354679,111153572610118
93,0.930000000,center,0.000000000,2048,111153581357595,111153582630461
94,0.940000000,center,0.000000000,2048,111153591355274,111153592641015
95,0.950000000,center,0.000000000,2048,111153601356199,111153602634665
96,0.960000000,center,0.000000000,2048,111153611356993,111153612640097
97,0.970000000,center,0.000000000,2048,111153621363113,111153622635933
98,0.980000000,center,0.000000000,2048,111153631359017,111153632638373
99,0.990000000,center,0.000000000,2048,111153641357837,111153642635023
100,1.000000000,center,0.000000000,2048,111153651356837,111153652633391
101,1.010000000,center,0.000000000,2048,111153661357028,111153662728775
102,1.020000000,center,0.000000000,2048,111153671359445,111153672644527
103,1.030000000,center,0.000000000,2048,111153681357941,111153682625594
104,1.040000000,center,0.000000000,2048,111153691356706,111153692619997
105,1.050000000,center,0.000000000,2048,111153701356247,111153702618269
106,1.060000000,center,0.000000000,2048,111153711355345,111153712623543
107,1.070000000,center,0.000000000,2048,111153721355630,111153722620757
108,1.080000000,center,0.000000000,2048,111153731356094,111153732622956
109,1.090000000,center,0.000000000,2048,111153741355918,111153742621999
110,1.100000000,center,0.000000000,2048,111153751354665,111153752622038
111,1.110000000,center,0.000000000,2048,111153761358506,111153762626345
112,1.120000000,center,0.000000000,2048,111153771357790,111153772620625
113,1.130000000,center,0.000000000,2048,111153781356821,111153782620039
114,1.140000000,center,0.000000000,2048,111153791356584,111153792785291
115,1.150000000,center,0.000000000,2048,111153801445376,111153803641089
116,1.160000000,center,0.000000000,2048,111153811379215,111153813627227
117,1.170000000,center,0.000000000,2048,111153821437264,111153823630693
118,1.180000000,center,0.000000000,2048,111153831437051,111153833633201
119,1.190000000,center,0.000000000,2048,111153841376588,111153843630708
120,1.200000000,center,0.000000000,2048,111153851378955,111153853637599
121,1.210000000,center,0.000000000,2048,111153861358164,111153863619847
122,1.220000000,center,0.000000000,2048,111153871355638,111153872621726
123,1.230000000,center,0.000000000,2048,111153881356888,111153882617693
124,1.240000000,center,0.000000000,2048,111153891355748,111153892620351
125,1.250000000,center,0.000000000,2048,111153901355664,111153902617975
126,1.260000000,center,0.000000000,2048,111153911355151,111153912616263
127,1.270000000,center,0.000000000,2048,111153921355594,111153922616249
128,1.280000000,center,0.000000000,2048,111153931355878,111153932618953
129,1.290000000,center,0.000000000,2048,111153941355130,111153942621907
130,1.300000000,center,0.000000000,2048,111153951366835,111153953634388
131,1.310000000,center,0.000000000,2048,111153961357527,111153963621360
132,1.320000000,center,0.000000000,2048,111153971355976,111153972618964
133,1.330000000,center,0.000000000,2048,111153981355689,111153982706073
134,1.340000000,center,0.000000000,2048,111153991441041,111153993652922
135,1.350000000,center,0.000000000,2048,111154001377568,111154003691711
136,1.360000000,center,0.000000000,2048,111154011380328,111154013802680
137,1.370000000,center,0.000000000,2048,111154021442825,111154023808642
138,1.380000000,center,0.000000000,2048,111154031440979,111154033637024
139,1.390000000,center,0.000000000,2048,111154041377364,111154043697473
140,1.400000000,center,0.000000000,2048,111154051378317,111154053688398
141,1.410000000,center,0.000000000,2048,111154061369075,111154063628189
142,1.420000000,center,0.000000000,2048,111154071370442,111154073611965
143,1.430000000,center,0.000000000,2048,111154081378166,111154083624963
144,1.440000000,center,0.000000000,2048,111154091378591,111154093626939
145,1.450000000,center,0.000000000,2048,111154101380266,111154103626405
146,1.460000000,center,0.000000000,2048,111154111377497,111154113608306
147,1.470000000,center,0.000000000,2048,111154121441600,111154123610455
148,1.480000000,center,0.000000000,2048,111154131376999,111154133610049
149,1.490000000,center,0.000000000,2048,111154141433983,111154143610044
150,1.500000000,plus_pilot,0.035000000,2025,111154151436057,111154153627233
151,1.510000000,plus_pilot,0.035000000,2025,111154161367368,111154163613024
152,1.520000000,plus_pilot,0.035000000,2025,111154171435848,111154173611694
153,1.530000000,plus_pilot,0.035000000,2025,111154181367472,111154183609559
154,1.540000000,plus_pilot,0.035000000,2025,111154191438329,111154193609595
155,1.550000000,plus_pilot,0.035000000,2025,111154201378796,111154203608175
156,1.560000000,plus_pilot,0.035000000,2025,111154211431786,111154213607524
157,1.570000000,plus_pilot,0.035000000,2025,111154221443735,111154223605358
158,1.580000000,plus_pilot,0.035000000,2025,111154231438288,111154233605343
159,1.590000000,plus_pilot,0.035000000,2025,111154241376801,111154243678270
160,1.600000000,plus_pilot,0.035000000,2025,111154251438335,111154253780584
161,1.610000000,plus_pilot,0.035000000,2025,111154261368747,111154263680119
162,1.620000000,plus_pilot,0.035000000,2025,111154271441295,111154273612671
163,1.630000000,plus_pilot,0.035000000,2025,111154281363986,111154282584885
164,1.640000000,plus_pilot,0.035000000,2025,111154291358462,111154292582230
165,1.650000000,plus_pilot,0.035000000,2025,111154301356905,111154302594046
166,1.660000000,plus_pilot,0.035000000,2025,111154311355888,111154312589131
167,1.670000000,plus_pilot,0.035000000,2025,111154321380719,111154323610187
168,1.680000000,plus_pilot,0.035000000,2025,111154331374972,111154333607634
169,1.690000000,plus_pilot,0.035000000,2025,111154341359239,111154343596603
170,1.700000000,plus_pilot,0.035000000,2025,111154351355170,111154353603707
171,1.710000000,plus_pilot,0.035000000,2025,111154361361954,111154363593191
172,1.720000000,plus_pilot,0.035000000,2025,111154371358045,111154373596039
173,1.730000000,plus_pilot,0.035000000,2025,111154381354907,111154383593922
174,1.740000000,plus_pilot,0.035000000,2025,111154391359021,111154393592172
175,1.750000000,plus_pilot,0.035000000,2025,111154401353790,111154403588663
176,1.760000000,plus_pilot,0.035000000,2025,111154411354120,111154413588793
177,1.770000000,plus_pilot,0.035000000,2025,111154421356368,111154422585662
178,1.780000000,plus_pilot,0.035000000,2025,111154431354654,111154433589498
179,1.790000000,plus_pilot,0.035000000,2025,111154441354109,111154442613241
180,1.800000000,plus_pilot,0.035000000,2025,111154451373277,111154453585521
181,1.810000000,plus_pilot,0.035000000,2025,111154461357499,111154463576218
182,1.820000000,plus_pilot,0.035000000,2025,111154471353571,111154472578279
183,1.830000000,plus_pilot,0.035000000,2025,111154481354164,111154483585809
184,1.840000000,plus_pilot,0.035000000,2025,111154491353746,111154493591685
185,1.850000000,plus_pilot,0.035000000,2025,111154501353148,111154503587717
186,1.860000000,plus_pilot,0.035000000,2025,111154511354050,111154513590922
187,1.870000000,plus_pilot,0.035000000,2025,111154521354688,111154523591182
188,1.880000000,plus_pilot,0.035000000,2025,111154531353929,111154533587146
189,1.890000000,plus_pilot,0.035000000,2025,111154541357292,111154543593034
190,1.900000000,plus_pilot,0.035000000,2025,111154551354724,111154553595965
191,1.910000000,plus_pilot,0.035000000,2025,111154561354652,111154563570230
192,1.920000000,plus_pilot,0.035000000,2025,111154571353742,111154573568592
193,1.930000000,plus_pilot,0.035000000,2025,111154581354958,111154583569844
194,1.940000000,plus_pilot,0.035000000,2025,111154591360271,111154593572033
195,1.950000000,plus_pilot,0.035000000,2025,111154601353830,111154603563586
196,1.960000000,plus_pilot,0.035000000,2025,111154611353543,111154613579133
197,1.970000000,plus_pilot,0.035000000,2025,111154621355978,111154623602791
198,1.980000000,plus_pilot,0.035000000,2025,111154631359125,111154633581113
199,1.990000000,plus_pilot,0.035000000,2025,111154641357814,111154643583690
200,2.000000000,plus_pilot,0.035000000,2025,111154651357243,111154653573174
201,2.010000000,plus_pilot,0.035000000,2025,111154661357109,111154663581364
202,2.020000000,plus_pilot,0.035000000,2025,111154671356447,111154673579046
203,2.030000000,plus_pilot,0.035000000,2025,111154681356715,111154683587119
204,2.040000000,plus_pilot,0.035000000,2025,111154691354593,111154693572187
205,2.050000000,plus_pilot,0.035000000,2025,111154701358187,111154703578655
206,2.060000000,plus_pilot,0.035000000,2025,111154711356720,111154713581328
207,2.070000000,plus_pilot,0.035000000,2025,111154721357067,111154723577718
208,2.080000000,plus_pilot,0.035000000,2025,111154731356774,111154733579661
209,2.090000000,plus_pilot,0.035000000,2025,111154741357262,111154743576577
210,2.100000000,plus_pilot,0.035000000,2025,111154751354155,111154753576069
211,2.110000000,plus_pilot,0.035000000,2025,111154761356676,111154763578468
212,2.120000000,plus_pilot,0.035000000,2025,111154771355515,111154773572423
213,2.130000000,plus_pilot,0.035000000,2025,111154781355519,111154783576484
214,2.140000000,plus_pilot,0.035000000,2025,111154791353494,111154793574853
215,2.150000000,plus_pilot,0.035000000,2025,111154801356635,111154803575281
216,2.160000000,plus_pilot,0.035000000,2025,111154811356140,111154813573317
217,2.170000000,plus_pilot,0.035000000,2025,111154821379612,111154823621663
218,2.180000000,plus_pilot,0.035000000,2025,111154831377476,111154833619163
219,2.190000000,plus_pilot,0.035000000,2025,111154841433826,111154843584462
220,2.200000000,plus_pilot,0.035000000,2025,111154851386148,111154853575421
221,2.210000000,plus_pilot,0.035000000,2025,111154861357929,111154863614908
222,2.220000000,plus_pilot,0.035000000,2025,111154871358020,111154873574599
223,2.230000000,plus_pilot,0.035000000,2025,111154881356448,111154883567639
224,2.240000000,plus_pilot,0.035000000,2025,111154891356394,111154893568939
225,2.250000000,plus_pilot,0.035000000,2025,111154901355157,111154903567958
226,2.260000000,plus_pilot,0.035000000,2025,111154911356382,111154913568030
227,2.270000000,plus_pilot,0.035000000,2025,111154921354481,111154923566314
228,2.280000000,plus_pilot,0.035000000,2025,111154931357113,111154933569201
229,2.290000000,plus_pilot,0.035000000,2025,111154941355757,111154943567379
230,2.300000000,plus_pilot,0.035000000,2025,111154951356745,111154953564410
231,2.310000000,plus_pilot,0.035000000,2025,111154961355392,111154963562899
232,2.320000000,plus_pilot,0.035000000,2025,111154971355858,111154973565886
233,2.330000000,plus_pilot,0.035000000,2025,111154981356371,111154983564136
234,2.340000000,plus_pilot,0.035000000,2025,111154991362495,111154993539045
235,2.350000000,plus_pilot,0.035000000,2025,111155001378134,111155003569364
236,2.360000000,plus_pilot,0.035000000,2025,111155011384450,111155013560433
237,2.370000000,plus_pilot,0.035000000,2025,111155021361792,111155023548333
238,2.380000000,plus_pilot,0.035000000,2025,111155031449168,111155033567814
239,2.390000000,plus_pilot,0.035000000,2025,111155041450444,111155043565802
240,2.400000000,plus_pilot,0.035000000,2025,111155051435257,111155053569131
241,2.410000000,plus_pilot,0.035000000,2025,111155061440047,111155063564360
242,2.420000000,plus_pilot,0.035000000,2025,111155071433958,111155073569543
243,2.430000000,plus_pilot,0.035000000,2025,111155081451336,111155083569517
244,2.440000000,plus_pilot,0.035000000,2025,111155091434409,111155093564860
245,2.450000000,plus_pilot,0.035000000,2025,111155101437743,111155103563839
246,2.460000000,plus_pilot,0.035000000,2025,111155111448100,111155113568309
247,2.470000000,plus_pilot,0.035000000,2025,111155121447902,111155123631831
248,2.480000000,plus_pilot,0.035000000,2025,111155131435594,111155133630425
249,2.490000000,plus_pilot,0.035000000,2025,111155141433380,111155143633922
250,2.500000000,plus_pilot,0.035000000,2025,111155151438979,111155153763657
251,2.510000000,plus_pilot,0.035000000,2025,111155161379169,111155163616570
252,2.520000000,plus_pilot,0.035000000,2025,111155171439300,111155173569565
253,2.530000000,plus_pilot,0.035000000,2025,111155181435877,111155183569812
254,2.540000000,plus_pilot,0.035000000,2025,111155191443168,111155193570025
255,2.550000000,plus_pilot,0.035000000,2025,111155201432150,111155203569005
256,2.560000000,plus_pilot,0.035000000,2025,111155211450043,111155213564498
257,2.570000000,plus_pilot,0.035000000,2025,111155221437872,111155223568870
258,2.580000000,plus_pilot,0.035000000,2025,111155231438167,111155233568458
259,2.590000000,plus_pilot,0.035000000,2025,111155241430989,111155243570180
260,2.600000000,plus_pilot,0.035000000,2025,111155251431466,111155253558810
261,2.610000000,plus_pilot,0.035000000,2025,111155261440665,111155263562579
262,2.620000000,plus_pilot,0.035000000,2025,111155271354813,111155273580141
263,2.630000000,plus_pilot,0.035000000,2025,111155281359929,111155283582795
264,2.640000000,plus_pilot,0.035000000,2025,111155291364760,111155293529087
265,2.650000000,plus_pilot,0.035000000,2025,111155301357042,111155303522340
266,2.660000000,plus_pilot,0.035000000,2025,111155311359294,111155313532579
267,2.670000000,plus_pilot,0.035000000,2025,111155321354089,111155323532990
268,2.680000000,plus_pilot,0.035000000,2025,111155331357583,111155333533957
269,2.690000000,plus_pilot,0.035000000,2025,111155341356083,111155343579773
270,2.700000000,plus_pilot,0.035000000,2025,111155351361504,111155353538604
271,2.710000000,plus_pilot,0.035000000,2025,111155361432678,111155363501802
272,2.720000000,plus_pilot,0.035000000,2025,111155371353582,111155373518903
273,2.730000000,plus_pilot,0.035000000,2025,111155381355474,111155383580946
274,2.740000000,plus_pilot,0.035000000,2025,111155391355505,111155393598528
275,2.750000000,plus_pilot,0.035000000,2025,111155401353934,111155403561962
276,2.760000000,plus_pilot,0.035000000,2025,111155411354278,111155413572878
277,2.770000000,plus_pilot,0.035000000,2025,111155421353708,111155423576436
278,2.780000000,plus_pilot,0.035000000,2025,111155431355046,111155433581807
279,2.790000000,plus_pilot,0.035000000,2025,111155441355282,111155443585150
280,2.800000000,plus_pilot,0.035000000,2025,111155451355720,111155453584454
281,2.810000000,plus_pilot,0.035000000,2025,111155461354697,111155463593197
282,2.820000000,plus_pilot,0.035000000,2025,111155471355277,111155473543288
283,2.830000000,plus_pilot,0.035000000,2025,111155481355197,111155483541323
284,2.840000000,plus_pilot,0.035000000,2025,111155491355641,111155493543374
285,2.850000000,plus_pilot,0.035000000,2025,111155501355045,111155503550371
286,2.860000000,plus_pilot,0.035000000,2025,111155511355586,111155513532396
287,2.870000000,plus_pilot,0.035000000,2025,111155521355156,111155523511115
288,2.880000000,plus_pilot,0.035000000,2025,111155531366588,111155533572907
289,2.890000000,plus_pilot,0.035000000,2025,111155541357887,111155543514082
290,2.900000000,plus_pilot,0.035000000,2025,111155551355721,111155553508183
291,2.910000000,plus_pilot,0.035000000,2025,111155561355765,111155563513630
292,2.920000000,plus_pilot,0.035000000,2025,111155571353239,111155573504381
293,2.930000000,plus_pilot,0.035000000,2025,111155581355221,111155583512350
294,2.940000000,plus_pilot,0.035000000,2025,111155591353378,111155593516028
295,2.950000000,plus_pilot,0.035000000,2025,111155601354879,111155603520861
296,2.960000000,plus_pilot,0.035000000,2025,111155611353369,111155613526682
297,2.970000000,plus_pilot,0.035000000,2025,111155621362176,111155623537233
298,2.980000000,plus_pilot,0.035000000,2025,111155631358343,111155633511419
299,2.990000000,plus_pilot,0.035000000,2025,111155641360019,111155643529597
300,3.000000000,center_after_plus,0.000000000,2048,111155651360157,111155653510436
301,3.010000000,center_after_plus,0.000000000,2048,111155661357589,111155663509990
302,3.020000000,center_after_plus,0.000000000,2048,111155671353382,111155673538330
303,3.030000000,center_after_plus,0.000000000,2048,111155681353549,111155683517641
304,3.040000000,center_after_plus,0.000000000,2048,111155691356624,111155693516165
305,3.050000000,center_after_plus,0.000000000,2048,111155701356212,111155703581501
306,3.060000000,center_after_plus,0.000000000,2048,111155711355027,111155713591846
307,3.070000000,center_after_plus,0.000000000,2048,111155721355165,111155723589185
308,3.080000000,center_after_plus,0.000000000,2048,111155731355774,111155733579651
309,3.090000000,center_after_plus,0.000000000,2048,111155741356646,111155743587696
310,3.100000000,center_after_plus,0.000000000,2048,111155751357616,111155753597733
311,3.110000000,center_after_plus,0.000000000,2048,111155761355702,111155763582229
312,3.120000000,center_after_plus,0.000000000,2048,111155771358261,111155773576334
313,3.130000000,center_after_plus,0.000000000,2048,111155781353941,111155783578498
314,3.140000000,center_after_plus,0.000000000,2048,111155791364364,111155793606203
315,3.150000000,center_after_plus,0.000000000,2048,111155801359219,111155803500885
316,3.160000000,center_after_plus,0.000000000,2048,111155811383734,111155813597419
317,3.170000000,center_after_plus,0.000000000,2048,111155821371223,111155823540858
318,3.180000000,center_after_plus,0.000000000,2048,111155831377977,111155833509374
319,3.190000000,center_after_plus,0.000000000,2048,111155841365865,111155843482496
320,3.200000000,center_after_plus,0.000000000,2048,111155851353635,111155853486704
321,3.210000000,center_after_plus,0.000000000,2048,111155861368133,111155863479762
322,3.220000000,center_after_plus,0.000000000,2048,111155871358337,111155873523275
323,3.230000000,center_after_plus,0.000000000,2048,111155881360560,111155883496819
324,3.240000000,center_after_plus,0.000000000,2048,111155891358176,111155893495857
325,3.250000000,center_after_plus,0.000000000,2048,111155901369859,111155903510163
326,3.260000000,center_after_plus,0.000000000,2048,111155911442771,111155913480050
327,3.270000000,center_after_plus,0.000000000,2048,111155921444888,111155923491821
328,3.280000000,center_after_plus,0.000000000,2048,111155931429513,111155933488174
329,3.290000000,center_after_plus,0.000000000,2048,111155941385425,111155943479514
330,3.300000000,center_after_plus,0.000000000,2048,111155951357795,111155953481960
331,3.310000000,center_after_plus,0.000000000,2048,111155961355825,111155963484807
332,3.320000000,center_after_plus,0.000000000,2048,111155971355480,111155973485302
333,3.330000000,center_after_plus,0.000000000,2048,111155981354127,111155983483507
334,3.340000000,center_after_plus,0.000000000,2048,111155991360382,111155993487304
335,3.350000000,center_after_plus,0.000000000,2048,111156001425296,111156003498774
336,3.360000000,center_after_plus,0.000000000,2048,111156011367768,111156013506413
337,3.370000000,center_after_plus,0.000000000,2048,111156021355885,111156023496693
338,3.380000000,center_after_plus,0.000000000,2048,111156031375644,111156033507565
339,3.390000000,center_after_plus,0.000000000,2048,111156041358263,111156043514939
340,3.400000000,center_after_plus,0.000000000,2048,111156051355641,111156053505355
341,3.410000000,center_after_plus,0.000000000,2048,111156061355260,111156063506645
342,3.420000000,center_after_plus,0.000000000,2048,111156071354379,111156073529015
343,3.430000000,center_after_plus,0.000000000,2048,111156081355789,111156083509529
344,3.440000000,center_after_plus,0.000000000,2048,111156091354900,111156093534513
345,3.450000000,center_after_plus,0.000000000,2048,111156101356742,111156103513956
346,3.460000000,center_after_plus,0.000000000,2048,111156111356423,111156113516091
347,3.470000000,center_after_plus,0.000000000,2048,111156121354869,111156123513399
348,3.480000000,center_after_plus,0.000000000,2048,111156131355380,111156133510076
349,3.490000000,center_after_plus,0.000000000,2048,111156141356319,111156143510780
350,3.500000000,center_after_plus,0.000000000,2048,111156151433513,111156153511728
351,3.510000000,center_after_plus,0.000000000,2048,111156161441635,111156163532738
352,3.520000000,center_after_plus,0.000000000,2048,111156171431788,111156173507986
353,3.530000000,center_after_plus,0.000000000,2048,111156181439421,111156183508090
354,3.540000000,center_after_plus,0.000000000,2048,111156191440931,111156193507007
355,3.550000000,center_after_plus,0.000000000,2048,111156201430279,111156203532494
356,3.560000000,center_after_plus,0.000000000,2048,111156211444177,111156213545796
357,3.570000000,center_after_plus,0.000000000,2048,111156221384167,111156223504447
358,3.580000000,center_after_plus,0.000000000,2048,111156231356101,111156233582295
359,3.590000000,center_after_plus,0.000000000,2048,111156241356540,111156243498806
360,3.600000000,center_after_plus,0.000000000,2048,111156251356600,111156253495065
361,3.610000000,center_after_plus,0.000000000,2048,111156261439392,111156263513858
362,3.620000000,center_after_plus,0.000000000,2048,111156271429554,111156273537533
363,3.630000000,center_after_plus,0.000000000,2048,111156281379476,111156283506827
364,3.640000000,center_after_plus,0.000000000,2048,111156291369798,111156293505985
365,3.650000000,center_after_plus,0.000000000,2048,111156301356616,111156303495641
366,3.660000000,center_after_plus,0.000000000,2048,111156311359561,111156313578597
367,3.670000000,center_after_plus,0.000000000,2048,111156321366831,111156323516812
368,3.680000000,center_after_plus,0.000000000,2048,111156331380619,111156333488719
369,3.690000000,center_after_plus,0.000000000,2048,111156341432698,111156343481957
370,3.700000000,center_after_plus,0.000000000,2048,111156351386856,111156353488040
371,3.710000000,center_after_plus,0.000000000,2048,111156361357608,111156363503594
372,3.720000000,center_after_plus,0.000000000,2048,111156371377099,111156373499311
373,3.730000000,center_after_plus,0.000000000,2048,111156381357850,111156383490153
374,3.740000000,center_after_plus,0.000000000,2048,111156391432985,111156393500475
375,3.750000000,center_after_plus,0.000000000,2048,111156401436486,111156403501201
376,3.760000000,center_after_plus,0.000000000,2048,111156411434560,111156413502249
377,3.770000000,center_after_plus,0.000000000,2048,111156421431028,111156423509155
378,3.780000000,center_after_plus,0.000000000,2048,111156431440506,111156433514534
379,3.790000000,center_after_plus,0.000000000,2048,111156441438722,111156443507202
380,3.800000000,center_after_plus,0.000000000,2048,111156451435649,111156453511500
381,3.810000000,center_after_plus,0.000000000,2048,111156461434373,111156463508447
382,3.820000000,center_after_plus,0.000000000,2048,111156471386394,111156473501337
383,3.830000000,center_after_plus,0.000000000,2048,111156481435400,111156483502540
384,3.840000000,center_after_plus,0.000000000,2048,111156491433206,111156493506667
385,3.850000000,center_after_plus,0.000000000,2048,111156501432223,111156503505097
386,3.860000000,center_after_plus,0.000000000,2048,111156511433492,111156513510040
387,3.870000000,center_after_plus,0.000000000,2048,111156521430836,111156523505533
388,3.880000000,center_after_plus,0.000000000,2048,111156531434446,111156533504435
389,3.890000000,center_after_plus,0.000000000,2048,111156541378461,111156543500276
390,3.900000000,center_after_plus,0.000000000,2048,111156551430543,111156553505419
391,3.910000000,center_after_plus,0.000000000,2048,111156561440243,111156563501982
392,3.920000000,center_after_plus,0.000000000,2048,111156571433669,111156573502073
393,3.930000000,center_after_plus,0.000000000,2048,111156581431148,111156583503739
394,3.940000000,center_after_plus,0.000000000,2048,111156591430510,111156593541387
395,3.950000000,center_after_plus,0.000000000,2048,111156601440475,111156603454350
396,3.960000000,center_after_plus,0.000000000,2048,111156611433394,111156613435502
397,3.970000000,center_after_plus,0.000000000,2048,111156621401487,111156623463620
398,3.980000000,center_after_plus,0.000000000,2048,111156631431738,111156633490211
399,3.990000000,center_after_plus,0.000000000,2048,111156641434498,111156643481143
400,4.000000000,center_after_plus,0.000000000,2048,111156651370315,111156653457227
401,4.010000000,center_after_plus,0.000000000,2048,111156661431706,111156663460205
402,4.020000000,center_after_plus,0.000000000,2048,111156671384415,111156673471750
403,4.030000000,center_after_plus,0.000000000,2048,111156681358474,111156683456592
404,4.040000000,center_after_plus,0.000000000,2048,111156691355054,111156693460354
405,4.050000000,center_after_plus,0.000000000,2048,111156701355275,111156703460817
406,4.060000000,center_after_plus,0.000000000,2048,111156711354709,111156713465410
407,4.070000000,center_after_plus,0.000000000,2048,111156721358778,111156723505106
408,4.080000000,center_after_plus,0.000000000,2048,111156731355254,111156733469523
409,4.090000000,center_after_plus,0.000000000,2048,111156741357495,111156743480674
410,4.100000000,center_after_plus,0.000000000,2048,111156751359557,111156753480116
411,4.110000000,center_after_plus,0.000000000,2048,111156761361590,111156763472694
412,4.120000000,center_after_plus,0.000000000,2048,111156771358622,111156773497251
413,4.130000000,center_after_plus,0.000000000,2048,111156781355960,111156783470791
414,4.140000000,center_after_plus,0.000000000,2048,111156791357379,111156793496318
415,4.150000000,center_after_plus,0.000000000,2048,111156801364272,111156803478356
416,4.160000000,center_after_plus,0.000000000,2048,111156811372511,111156813520871
417,4.170000000,center_after_plus,0.000000000,2048,111156821363101,111156823485477
418,4.180000000,center_after_plus,0.000000000,2048,111156831359853,111156833479723
419,4.190000000,center_after_plus,0.000000000,2048,111156841362417,111156843482085
420,4.200000000,center_after_plus,0.000000000,2048,111156851360496,111156853474077
421,4.210000000,center_after_plus,0.000000000,2048,111156861353738,111156863470091
422,4.220000000,center_after_plus,0.000000000,2048,111156871355776,111156873492068
423,4.230000000,center_after_plus,0.000000000,2048,111156881358756,111156883472903
424,4.240000000,center_after_plus,0.000000000,2048,111156891359228,111156893473723
425,4.250000000,center_after_plus,0.000000000,2048,111156901357543,111156903466767
426,4.260000000,center_after_plus,0.000000000,2048,111156911359628,111156913475296
427,4.270000000,center_after_plus,0.000000000,2048,111156921357538,111156923495463
428,4.280000000,center_after_plus,0.000000000,2048,111156931359298,111156933448875
429,4.290000000,center_after_plus,0.000000000,2048,111156941356728,111156943434280
430,4.300000000,center_after_plus,0.000000000,2048,111156951372255,111156953449800
431,4.310000000,center_after_plus,0.000000000,2048,111156961356668,111156963437868
432,4.320000000,center_after_plus,0.000000000,2048,111156971355422,111156973444179
433,4.330000000,center_after_plus,0.000000000,2048,111156981355728,111156983442971
434,4.340000000,center_after_plus,0.000000000,2048,111156991352999,111156993444152
435,4.350000000,center_after_plus,0.000000000,2048,111157001357414,111157003453629
436,4.360000000,center_after_plus,0.000000000,2048,111157011358777,111157013436099
437,4.370000000,center_after_plus,0.000000000,2048,111157021354369,111157023437363
438,4.380000000,center_after_plus,0.000000000,2048,111157031356524,111157033438048
439,4.390000000,center_after_plus,0.000000000,2048,111157041355827,111157043443454
440,4.400000000,center_after_plus,0.000000000,2048,111157051355673,111157053447702
441,4.410000000,center_after_plus,0.000000000,2048,111157061356824,111157063448262
442,4.420000000,center_after_plus,0.000000000,2048,111157071355834,111157073448681
443,4.430000000,center_after_plus,0.000000000,2048,111157081353985,111157083447507
444,4.440000000,center_after_plus,0.000000000,2048,111157091356285,111157093446922
445,4.450000000,center_after_plus,0.000000000,2048,111157101354167,111157103448160
446,4.460000000,center_after_plus,0.000000000,2048,111157111356652,111157113445736
447,4.470000000,center_after_plus,0.000000000,2048,111157121356034,111157123448063
448,4.480000000,center_after_plus,0.000000000,2048,111157131355480,111157133453047
449,4.490000000,center_after_plus,0.000000000,2048,111157141354769,111157143448933
450,4.500000000,minus_pilot,-0.035000000,2071,111157151355599,111157153486778
451,4.510000000,minus_pilot,-0.035000000,2071,111157161356987,111157163454901
452,4.520000000,minus_pilot,-0.035000000,2071,111157171355898,111157173451406
453,4.530000000,minus_pilot,-0.035000000,2071,111157181357191,111157183449417
454,4.540000000,minus_pilot,-0.035000000,2071,111157191354974,111157193472886
455,4.550000000,minus_pilot,-0.035000000,2071,111157201354383,111157203450972
456,4.560000000,minus_pilot,-0.035000000,2071,111157211355666,111157213448307
457,4.570000000,minus_pilot,-0.035000000,2071,111157221355449,111157223450641
458,4.580000000,minus_pilot,-0.035000000,2071,111157231356276,111157233455811
459,4.590000000,minus_pilot,-0.035000000,2071,111157241355379,111157243451813
460,4.600000000,minus_pilot,-0.035000000,2071,111157251355280,111157253450599
461,4.610000000,minus_pilot,-0.035000000,2071,111157261355967,111157263450417
462,4.620000000,minus_pilot,-0.035000000,2071,111157271355581,111157273447753
463,4.630000000,minus_pilot,-0.035000000,2071,111157281356543,111157283446375
464,4.640000000,minus_pilot,-0.035000000,2071,111157291356207,111157293450390
465,4.650000000,minus_pilot,-0.035000000,2071,111157301354134,111157303451727
466,4.660000000,minus_pilot,-0.035000000,2071,111157311356831,111157313446137
467,4.670000000,minus_pilot,-0.035000000,2071,111157321356261,111157323448753
468,4.680000000,minus_pilot,-0.035000000,2071,111157331354967,111157333448754
469,4.690000000,minus_pilot,-0.035000000,2071,111157341356217,111157343446982
470,4.700000000,minus_pilot,-0.035000000,2071,111157351363619,111157353488220
471,4.710000000,minus_pilot,-0.035000000,2071,111157361365530,111157363458333
472,4.720000000,minus_pilot,-0.035000000,2071,111157371363862,111157373454031
473,4.730000000,minus_pilot,-0.035000000,2071,111157381363705,111157383453481
474,4.740000000,minus_pilot,-0.035000000,2071,111157391357708,111157393426806
475,4.750000000,minus_pilot,-0.035000000,2071,111157401354342,111157403447170
476,4.760000000,minus_pilot,-0.035000000,2071,111157411355937,111157413424413
477,4.770000000,minus_pilot,-0.035000000,2071,111157421356926,111157423426964
478,4.780000000,minus_pilot,-0.035000000,2071,111157431356067,111157433430894
479,4.790000000,minus_pilot,-0.035000000,2071,111157441355714,111157443425684
480,4.800000000,minus_pilot,-0.035000000,2071,111157451355560,111157453425974
481,4.810000000,minus_pilot,-0.035000000,2071,111157461356034,111157463428723
482,4.820000000,minus_pilot,-0.035000000,2071,111157471355911,111157473427187
483,4.830000000,minus_pilot,-0.035000000,2071,111157481449286,111157483442056
484,4.840000000,minus_pilot,-0.035000000,2071,111157491450072,111157493441039
485,4.850000000,minus_pilot,-0.035000000,2071,111157501434252,111157503466135
486,4.860000000,minus_pilot,-0.035000000,2071,111157511434082,111157513444186
487,4.870000000,minus_pilot,-0.035000000,2071,111157521440150,111157523442409
488,4.880000000,minus_pilot,-0.035000000,2071,111157531438866,111157533430326
489,4.890000000,minus_pilot,-0.035000000,2071,111157541452772,111157543442320
490,4.900000000,minus_pilot,-0.035000000,2071,111157551434452,111157553436786
491,4.910000000,minus_pilot,-0.035000000,2071,111157561430895,111157563641457
492,4.920000000,minus_pilot,-0.035000000,2071,111157571439173,111157573510838
493,4.930000000,minus_pilot,-0.035000000,2071,111157581445728,111157583617388
494,4.940000000,minus_pilot,-0.035000000,2071,111157591431134,111157593508553
495,4.950000000,minus_pilot,-0.035000000,2071,111157601443140,111157603504828
496,4.960000000,minus_pilot,-0.035000000,2071,111157611435949,111157613506123
497,4.970000000,minus_pilot,-0.035000000,2071,111157621431597,111157623634354
498,4.980000000,minus_pilot,-0.035000000,2071,111157631378740,111157633466027
499,4.990000000,minus_pilot,-0.035000000,2071,111157641435106,111157643447827
500,5.000000000,minus_pilot,-0.035000000,2071,111157651439923,111157653444124
501,5.010000000,minus_pilot,-0.035000000,2071,111157661449822,111157663437980
502,5.020000000,minus_pilot,-0.035000000,2071,111157671434795,111157673445063
503,5.030000000,minus_pilot,-0.035000000,2071,111157681439608,111157683444246
504,5.040000000,minus_pilot,-0.035000000,2071,111157691437757,111157693443755
505,5.050000000,minus_pilot,-0.035000000,2071,111157701441587,111157703444489
506,5.060000000,minus_pilot,-0.035000000,2071,111157711434178,111157713443429
507,5.070000000,minus_pilot,-0.035000000,2071,111157721434350,111157723438847
508,5.080000000,minus_pilot,-0.035000000,2071,111157731434230,111157733439694
509,5.090000000,minus_pilot,-0.035000000,2071,111157741438185,111157743627993
510,5.100000000,minus_pilot,-0.035000000,2071,111157751438383,111157753509438
511,5.110000000,minus_pilot,-0.035000000,2071,111157761437825,111157763503220
512,5.120000000,minus_pilot,-0.035000000,2071,111157771435262,111157773494588
513,5.130000000,minus_pilot,-0.035000000,2071,111157781434472,111157783504477
514,5.140000000,minus_pilot,-0.035000000,2071,111157791432784,111157793510812
515,5.150000000,minus_pilot,-0.035000000,2071,111157801430592,111157803511124
516,5.160000000,minus_pilot,-0.035000000,2071,111157811436057,111157813513338
517,5.170000000,minus_pilot,-0.035000000,2071,111157821431490,111157823625512
518,5.180000000,minus_pilot,-0.035000000,2071,111157831435530,111157833502055
519,5.190000000,minus_pilot,-0.035000000,2071,111157841450844,111157843495261
520,5.200000000,minus_pilot,-0.035000000,2071,111157851445050,111157853489920
521,5.210000000,minus_pilot,-0.035000000,2071,111157861437611,111157863504385
522,5.220000000,minus_pilot,-0.035000000,2071,111157871439037,111157873600784
523,5.230000000,minus_pilot,-0.035000000,2071,111157881440139,111157883602282
524,5.240000000,minus_pilot,-0.035000000,2071,111157891436758,111157893437406
525,5.250000000,minus_pilot,-0.035000000,2071,111157901434774,111157903420032
526,5.260000000,minus_pilot,-0.035000000,2071,111157911445831,111157913422714
527,5.270000000,minus_pilot,-0.035000000,2071,111157921439454,111157923427460
528,5.280000000,minus_pilot,-0.035000000,2071,111157931436607,111157933418381
529,5.290000000,minus_pilot,-0.035000000,2071,111157941431355,111157943420940
530,5.300000000,minus_pilot,-0.035000000,2071,111157951432697,111157953426208
531,5.310000000,minus_pilot,-0.035000000,2071,111157961430043,111157963423070
532,5.320000000,minus_pilot,-0.035000000,2071,111157971431485,111157973428138
533,5.330000000,minus_pilot,-0.035000000,2071,111157981436752,111157983420099
534,5.340000000,minus_pilot,-0.035000000,2071,111157991440851,111157993421730
535,5.350000000,minus_pilot,-0.035000000,2071,111158001436130,111158003421169
536,5.360000000,minus_pilot,-0.035000000,2071,111158011377747,111158013405052
537,5.370000000,minus_pilot,-0.035000000,2071,111158021436612,111158023419815
538,5.380000000,minus_pilot,-0.035000000,2071,111158031451522,111158033440745
539,5.390000000,minus_pilot,-0.035000000,2071,111158041436707,111158043437266
540,5.400000000,minus_pilot,-0.035000000,2071,111158051439349,111158053427694
541,5.410000000,minus_pilot,-0.035000000,2071,111158061380687,111158063421129
542,5.420000000,minus_pilot,-0.035000000,2071,111158071389852,111158073419471
543,5.430000000,minus_pilot,-0.035000000,2071,111158081368701,111158083595470
544,5.440000000,minus_pilot,-0.035000000,2071,111158091379189,111158093607199
545,5.450000000,minus_pilot,-0.035000000,2071,111158101444585,111158103617036
546,5.460000000,minus_pilot,-0.035000000,2071,111158111437897,111158113483512
547,5.470000000,minus_pilot,-0.035000000,2071,111158121449697,111158123484853
548,5.480000000,minus_pilot,-0.035000000,2071,111158131367771,111158133492540
549,5.490000000,minus_pilot,-0.035000000,2071,111158141444886,111158143478541
550,5.500000000,minus_pilot,-0.035000000,2071,111158151434093,111158153608224
551,5.510000000,minus_pilot,-0.035000000,2071,111158161436250,111158163490506
552,5.520000000,minus_pilot,-0.035000000,2071,111158171434059,111158173501793
553,5.530000000,minus_pilot,-0.035000000,2071,111158181433460,111158183609861
554,5.540000000,minus_pilot,-0.035000000,2071,111158191439840,111158193611150
555,5.550000000,minus_pilot,-0.035000000,2071,111158201431786,111158203485115
556,5.560000000,minus_pilot,-0.035000000,2071,111158211435561,111158213483880
557,5.570000000,minus_pilot,-0.035000000,2071,111158221435541,111158223494241
558,5.580000000,minus_pilot,-0.035000000,2071,111158231437515,111158233481918
559,5.590000000,minus_pilot,-0.035000000,2071,111158241435575,111158243484078
560,5.600000000,minus_pilot,-0.035000000,2071,111158251428902,111158253599400
561,5.610000000,minus_pilot,-0.035000000,2071,111158261379721,111158263488621
562,5.620000000,minus_pilot,-0.035000000,2071,111158271437528,111158273492880
563,5.630000000,minus_pilot,-0.035000000,2071,111158281443961,111158283486298
564,5.640000000,minus_pilot,-0.035000000,2071,111158291437769,111158293565494
565,5.650000000,minus_pilot,-0.035000000,2071,111158301436604,111158303462385
566,5.660000000,minus_pilot,-0.035000000,2071,111158311436631,111158313474253
567,5.670000000,minus_pilot,-0.035000000,2071,111158321390271,111158323460536
568,5.680000000,minus_pilot,-0.035000000,2071,111158331436643,111158333462317
569,5.690000000,minus_pilot,-0.035000000,2071,111158341433908,111158343471599
570,5.700000000,minus_pilot,-0.035000000,2071,111158351369156,111158353583218
571,5.710000000,minus_pilot,-0.035000000,2071,111158361380378,111158363475974
572,5.720000000,minus_pilot,-0.035000000,2071,111158371436280,111158373465588
573,5.730000000,minus_pilot,-0.035000000,2071,111158381379255,111158383437128
574,5.740000000,minus_pilot,-0.035000000,2071,111158391438244,111158393425796
575,5.750000000,minus_pilot,-0.035000000,2071,111158401378890,111158403428132
576,5.760000000,minus_pilot,-0.035000000,2071,111158411435566,111158413423980
577,5.770000000,minus_pilot,-0.035000000,2071,111158421437079,111158423426428
578,5.780000000,minus_pilot,-0.035000000,2071,111158431438600,111158433428806
579,5.790000000,minus_pilot,-0.035000000,2071,111158441435531,111158443425288
580,5.800000000,minus_pilot,-0.035000000,2071,111158451455446,111158453425601
581,5.810000000,minus_pilot,-0.035000000,2071,111158461433634,111158463426021
582,5.820000000,minus_pilot,-0.035000000,2071,111158471438109,111158473420275
583,5.830000000,minus_pilot,-0.035000000,2071,111158481430718,111158483426310
584,5.840000000,minus_pilot,-0.035000000,2071,111158491430916,111158493417064
585,5.850000000,minus_pilot,-0.035000000,2071,111158501440040,111158503426577
586,5.860000000,minus_pilot,-0.035000000,2071,111158511436278,111158513424647
587,5.870000000,minus_pilot,-0.035000000,2071,111158521443219,111158523426990
588,5.880000000,minus_pilot,-0.035000000,2071,111158531434790,111158533429046
589,5.890000000,minus_pilot,-0.035000000,2071,111158541434165,111158543423569
590,5.900000000,minus_pilot,-0.035000000,2071,111158551430156,111158553421529
591,5.910000000,minus_pilot,-0.035000000,2071,111158561411063,111158563481844
592,5.920000000,minus_pilot,-0.035000000,2071,111158571367060,111158573401119
593,5.930000000,minus_pilot,-0.035000000,2071,111158581366276,111158583375962
594,5.940000000,minus_pilot,-0.035000000,2071,111158591356714,111158593366762
595,5.950000000,minus_pilot,-0.035000000,2071,111158601358042,111158603371735
596,5.960000000,minus_pilot,-0.035000000,2071,111158611357185,111158613380988
597,5.970000000,minus_pilot,-0.035000000,2071,111158621356023,111158623379588
598,5.980000000,minus_pilot,-0.035000000,2071,111158631356863,111158633392794
599,5.990000000,minus_pilot,-0.035000000,2071,111158641355463,111158643388068
600,6.000000000,center_after_minus,0.000000000,2048,111158651355602,111158653362026
601,6.010000000,center_after_minus,0.000000000,2048,111158661357216,111158663365427
602,6.020000000,center_after_minus,0.000000000,2048,111158671355528,111158673366900
603,6.030000000,center_after_minus,0.000000000,2048,111158681355025,111158683367703
604,6.040000000,center_after_minus,0.000000000,2048,111158691356036,111158693370588
605,6.050000000,center_after_minus,0.000000000,2048,111158701356306,111158703363887
606,6.060000000,center_after_minus,0.000000000,2048,111158711356628,111158713365932
607,6.070000000,center_after_minus,0.000000000,2048,111158721356607,111158723365840
608,6.080000000,center_after_minus,0.000000000,2048,111158731356542,111158733366021
609,6.090000000,center_after_minus,0.000000000,2048,111158741355300,111158743365096
610,6.100000000,center_after_minus,0.000000000,2048,111158751354429,111158753364906
611,6.110000000,center_after_minus,0.000000000,2048,111158761355632,111158763369734
612,6.120000000,center_after_minus,0.000000000,2048,111158771355779,111158773362460
613,6.130000000,center_after_minus,0.000000000,2048,111158781356262,111158783372357
614,6.140000000,center_after_minus,0.000000000,2048,111158791356021,111158793369135
615,6.150000000,center_after_minus,0.000000000,2048,111158801374963,111158803347671
616,6.160000000,center_after_minus,0.000000000,2048,111158811356999,111158813350889
617,6.170000000,center_after_minus,0.000000000,2048,111158821357852,111158823352234
618,6.180000000,center_after_minus,0.000000000,2048,111158831354201,111158833359072
619,6.190000000,center_after_minus,0.000000000,2048,111158841358929,111158843357905
620,6.200000000,center_after_minus,0.000000000,2048,111158851353562,111158853362188
621,6.210000000,center_after_minus,0.000000000,2048,111158861356013,111158863364043
622,6.220000000,center_after_minus,0.000000000,2048,111158871356177,111158873366543
623,6.230000000,center_after_minus,0.000000000,2048,111158881355567,111158883366068
624,6.240000000,center_after_minus,0.000000000,2048,111158891355369,111158893366898
625,6.250000000,center_after_minus,0.000000000,2048,111158901356113,111158903364412
626,6.260000000,center_after_minus,0.000000000,2048,111158911356538,111158913364831
627,6.270000000,center_after_minus,0.000000000,2048,111158921353153,111158923366133
628,6.280000000,center_after_minus,0.000000000,2048,111158931355952,111158933366885
629,6.290000000,center_after_minus,0.000000000,2048,111158941355405,111158943363090
630,6.300000000,center_after_minus,0.000000000,2048,111158951355081,111158953362663
631,6.310000000,center_after_minus,0.000000000,2048,111158961353527,111158963364007
632,6.320000000,center_after_minus,0.000000000,2048,111158971355444,111158973360752
633,6.330000000,center_after_minus,0.000000000,2048,111158981355426,111158983363263
634,6.340000000,center_after_minus,0.000000000,2048,111158991356105,111158993364438
635,6.350000000,center_after_minus,0.000000000,2048,111159001355390,111159003365835
636,6.360000000,center_after_minus,0.000000000,2048,111159011434918,111159013380187
637,6.370000000,center_after_minus,0.000000000,2048,111159021362444,111159023376347
638,6.380000000,center_after_minus,0.000000000,2048,111159031440812,111159033378710
639,6.390000000,center_after_minus,0.000000000,2048,111159041438795,111159043379181
640,6.400000000,center_after_minus,0.000000000,2048,111159051445306,111159053369724
641,6.410000000,center_after_minus,0.000000000,2048,111159061430748,111159063378691
642,6.420000000,center_after_minus,0.000000000,2048,111159071438513,111159073382285
643,6.430000000,center_after_minus,0.000000000,2048,111159081432843,111159083381182
644,6.440000000,center_after_minus,0.000000000,2048,111159091431712,111159093377074
645,6.450000000,center_after_minus,0.000000000,2048,111159101435883,111159103379527
646,6.460000000,center_after_minus,0.000000000,2048,111159111439107,111159113377401
647,6.470000000,center_after_minus,0.000000000,2048,111159121441653,111159123375220
648,6.480000000,center_after_minus,0.000000000,2048,111159131434472,111159133371975
649,6.490000000,center_after_minus,0.000000000,2048,111159141431184,111159143363977
650,6.500000000,center_after_minus,0.000000000,2048,111159151442444,111159153358445
651,6.510000000,center_after_minus,0.000000000,2048,111159161434498,111159163360451
652,6.520000000,center_after_minus,0.000000000,2048,111159171431467,111159173367128
653,6.530000000,center_after_minus,0.000000000,2048,111159181445305,111159183374501
654,6.540000000,center_after_minus,0.000000000,2048,111159191436438,111159193361910
655,6.550000000,center_after_minus,0.000000000,2048,111159201431223,111159203359198
656,6.560000000,center_after_minus,0.000000000,2048,111159211436946,111159213360650
657,6.570000000,center_after_minus,0.000000000,2048,111159221434999,111159223359371
658,6.580000000,center_after_minus,0.000000000,2048,111159231434852,111159233425532
659,6.590000000,center_after_minus,0.000000000,2048,111159241431428,111159243544527
660,6.600000000,center_after_minus,0.000000000,2048,111159251441971,111159253420864
661,6.610000000,center_after_minus,0.000000000,2048,111159261440022,111159263419558
662,6.620000000,center_after_minus,0.000000000,2048,111159271436271,111159273411346
663,6.630000000,center_after_minus,0.000000000,2048,111159281436844,111159283537402
664,6.640000000,center_after_minus,0.000000000,2048,111159291435340,111159293534505
665,6.650000000,center_after_minus,0.000000000,2048,111159301436777,111159303534084
666,6.660000000,center_after_minus,0.000000000,2048,111159311441540,111159313421094
667,6.670000000,center_after_minus,0.000000000,2048,111159321433351,111159323426935
668,6.680000000,center_after_minus,0.000000000,2048,111159331432513,111159333449097
669,6.690000000,center_after_minus,0.000000000,2048,111159341431117,111159343541307
670,6.700000000,center_after_minus,0.000000000,2048,111159351396053,111159353550625
671,6.710000000,center_after_minus,0.000000000,2048,111159361377995,111159363425459
672,6.720000000,center_after_minus,0.000000000,2048,111159371430409,111159373416095
673,6.730000000,center_after_minus,0.000000000,2048,111159381437293,111159383537314
674,6.740000000,center_after_minus,0.000000000,2048,111159391436443,111159393558039
675,6.750000000,center_after_minus,0.000000000,2048,111159401436666,111159403420867
676,6.760000000,center_after_minus,0.000000000,2048,111159411437049,111159413426852
677,6.770000000,center_after_minus,0.000000000,2048,111159421431391,111159423420550
678,6.780000000,center_after_minus,0.000000000,2048,111159431437221,111159433420677
679,6.790000000,center_after_minus,0.000000000,2048,111159441431803,111159443434793
680,6.800000000,center_after_minus,0.000000000,2048,111159451441337,111159453558097
681,6.810000000,center_after_minus,0.000000000,2048,111159461441835,111159463421007
682,6.820000000,center_after_minus,0.000000000,2048,111159471430637,111159473422499
683,6.830000000,center_after_minus,0.000000000,2048,111159481379981,111159483538901
684,6.840000000,center_after_minus,0.000000000,2048,111159491437582,111159493535807
685,6.850000000,center_after_minus,0.000000000,2048,111159501432094,111159503418062
686,6.860000000,center_after_minus,0.000000000,2048,111159511436241,111159513417511
687,6.870000000,center_after_minus,0.000000000,2048,111159521437043,111159523424073
688,6.880000000,center_after_minus,0.000000000,2048,111159531436443,111159533422260
689,6.890000000,center_after_minus,0.000000000,2048,111159541436796,111159543428591
690,6.900000000,center_after_minus,0.000000000,2048,111159551436739,111159553401960
691,6.910000000,center_after_minus,0.000000000,2048,111159561436137,111159563530569
692,6.920000000,center_after_minus,0.000000000,2048,111159571432989,111159573418223
693,6.930000000,center_after_minus,0.000000000,2048,111159581438267,111159583343432
694,6.940000000,center_after_minus,0.000000000,2048,111159591437807,111159593339275
695,6.950000000,center_after_minus,0.000000000,2048,111159601433238,111159603326307
696,6.960000000,center_after_minus,0.000000000,2048,111159611437354,111159613335816
697,6.970000000,center_after_minus,0.000000000,2048,111159621444322,111159623397048
698,6.980000000,center_after_minus,0.000000000,2048,111159631430772,111159633401883
699,6.990000000,center_after_minus,0.000000000,2048,111159641429898,111159643399901
700,7.000000000,center_after_minus,0.000000000,2048,111159651441683,111159653398983
701,7.010000000,center_after_minus,0.000000000,2048,111159661436776,111159663521278
702,7.020000000,center_after_minus,0.000000000,2048,111159671437842,111159673397788
703,7.030000000,center_after_minus,0.000000000,2048,111159681437751,111159683533521
704,7.040000000,center_after_minus,0.000000000,2048,111159691436429,111159693512866
705,7.050000000,center_after_minus,0.000000000,2048,111159701440054,111159703399904
706,7.060000000,center_after_minus,0.000000000,2048,111159711437022,111159713401874
707,7.070000000,center_after_minus,0.000000000,2048,111159721430137,111159723398968
708,7.080000000,center_after_minus,0.000000000,2048,111159731435944,111159733398831
709,7.090000000,center_after_minus,0.000000000,2048,111159741437524,111159743396722
710,7.100000000,center_after_minus,0.000000000,2048,111159751437298,111159753395192
711,7.110000000,center_after_minus,0.000000000,2048,111159761443123,111159763406956
712,7.120000000,center_after_minus,0.000000000,2048,111159771437609,111159773395153
713,7.130000000,center_after_minus,0.000000000,2048,111159781434354,111159783525003
714,7.140000000,center_after_minus,0.000000000,2048,111159791437780,111159793531820
715,7.150000000,center_after_minus,0.000000000,2048,111159801440120,111159803408584
716,7.160000000,center_after_minus,0.000000000,2048,111159811437620,111159813408696
717,7.170000000,center_after_minus,0.000000000,2048,111159821436559,111159823412568
718,7.180000000,center_after_minus,0.000000000,2048,111159831430879,111159833415444
719,7.190000000,center_after_minus,0.000000000,2048,111159841429798,111159843410853
720,7.200000000,center_after_minus,0.000000000,2048,111159851433144,111159853398079
721,7.210000000,center_after_minus,0.000000000,2048,111159861441409,111159863519433
722,7.220000000,center_after_minus,0.000000000,2048,111159871432965,111159873342438
723,7.230000000,center_after_minus,0.000000000,2048,111159881430753,111159883337713
724,7.240000000,center_after_minus,0.000000000,2048,111159891437900,111159893335885
725,7.250000000,center_after_minus,0.000000000,2048,111159901449539,111159903332255
726,7.260000000,center_after_minus,0.000000000,2048,111159911437678,111159913335991
727,7.270000000,center_after_minus,0.000000000,2048,111159921430418,111159923400253
728,7.280000000,center_after_minus,0.000000000,2048,111159931438699,111159933405268
729,7.290000000,center_after_minus,0.000000000,2048,111159941377678,111159943379277
730,7.300000000,center_after_minus,0.000000000,2048,111159951434186,111159953398100
731,7.310000000,center_after_minus,0.000000000,2048,111159961355875,111159963365466
732,7.320000000,center_after_minus,0.000000000,2048,111159971381876,111159973497571
733,7.330000000,center_after_minus,0.000000000,2048,111159981434941,111159983397125
734,7.340000000,center_after_minus,0.000000000,2048,111159991439586,111159993380562
735,7.350000000,center_after_minus,0.000000000,2048,111160001435224,111160003492001
736,7.360000000,center_after_minus,0.000000000,2048,111160011433734,111160013494755
737,7.370000000,center_after_minus,0.000000000,2048,111160021433029,111160023383785
738,7.380000000,center_after_minus,0.000000000,2048,111160031436516,111160033376591
739,7.390000000,center_after_minus,0.000000000,2048,111160041429930,111160043377919
740,7.400000000,center_after_minus,0.000000000,2048,111160051441573,111160053388716
741,7.410000000,center_after_minus,0.000000000,2048,111160061430113,111160063391776
742,7.420000000,center_after_minus,0.000000000,2048,111160071437562,111160073500674
743,7.430000000,center_after_minus,0.000000000,2048,111160081437977,111160083393955
744,7.440000000,center_after_minus,0.000000000,2048,111160091441856,111160093383439
745,7.450000000,center_after_minus,0.000000000,2048,111160101368612,111160103476016
746,7.460000000,center_after_minus,0.000000000,2048,111160111441885,111160113498283
747,7.470000000,center_after_minus,0.000000000,2048,111160121437862,111160123498638
748,7.480000000,center_after_minus,0.000000000,2048,111160131440495,111160133488124
749,7.490000000,center_after_minus,0.000000000,2048,111160141435822,111160143514312
